num_requests,duration,mean_latency,p99_latency,throughput
10,2.3159549236297607,2258.210825920105,2314.578287601471,215.8936665383615
50,9.741444110870361,7459.881062507629,9644.252228736877,256.6354609795769
100,19.322234392166138,12714.76321220398,19317.898812294006,258.76924472188176
250,48.37824034690857,27250.887921333313,48370.802330970764,258.3806254705741
500,97.37484574317932,51821.29567193985,97359.62834119797,256.73981621430335
1000,195.11639881134033,101062.77777528763,193809.3245458603,256.2572920810486
